{
	 "skeleton": {
		 "ATTOVERCOG": [0.000000,0.000000,25.000000],
		 "ATTITEM00": [0.000000,2.000000,11.000000],
		 "counter": [0.000000,0.000000,0.000000],
		 "root": [0.000000,0.000000,0.000000]
	},
   "animation_root" : "file(animations)",
   "effects_root": "file(effects)"
}
