{
	 "skeleton": {
		 "ATTITEM00": [0.000000,0.000000,0.000000],
		 "ATTITEM01": [0.000000,0.000000,0.000000],
		 "ATTITEM02": [0.000000,0.000000,0.000000],
		 "ATTITEM04": [0.000000,0.000000,0.000000],
		 "ATTOVERCOG": [0.0,0.0,45.000000],
		 "holder": [0.000000,0.000000,0.000000],
		 "root": [0.000000,0.000000,0.000000]
	},
	"animation_root" : "file(animations)",
    "effects_root": "file(effects)"
}
