{
	 "skeleton": {
		 "ATTOVERCOG": [0.0,0.0,45.0],
		 "base": [-0.000000,0.000000,0.000000],
		 "lid": [0.000000,4.0,24.500000],
		 "press": [-0.500000,3.5,18.0],
		 "vessel": [0.000000,4.0,21.0],
		 "root": [0.0,0.0,0.0]
	},
	"animation_root" : "file(animations)",
   "effects_root": "file(effects)"
}
