{
	 "skeleton": {
		 "ATTOVERCOG": [0.000000,0.000000,22.000000],
		 "rodBase": [0.000000,0.000000,0.000000],
		 "rodBottom": [0.000000,1.000000,2.000000],
		 "rodMiddle": [0.000000,1.000000,7.000000],
		 "rodTop": [0.000000,1.000000,12.00000],
		 "root": [0.000000,0.000000,0.000000]
	},
	"animation_root" : "file(animations)",
   "effects_root": "file(effects)"
}
