{
	 "skeleton": {
		 "ATTOVERCOG": [0.000000,0.000000,35.000000],
		 "frame": [0.000000,0.000000,0.000002],
		 "leftDoor": [-10.000000,-1.000000,9.000000],
		 "rightDoor": [10.000000,-1.000000,9.000000],
		 "topDoor": [-10.000000,1.500000,20.000000],
		 "root": [0.000000,0.000000,0.000000]
	},
   "animation_root" : "file(animations)",
   "effects_root": "file(effects)"
}
