{
   "type" : "rig",
   "skeleton": {
      "ATTOVERCOG": [10.500000,17.000000,20.000000],
      "body": [10.500000,14.500000,10.000000],
      "head": [10.500000,10.000000,10.000000],
      "jaw": [10.500000,8.500000,9.000000],
      "leftBackLeg1": [14.000000,22.000000,9.000000],
      "leftBackLeg2": [14.000000,21.000000,5.000000],
      "leftBackLeg3": [14.000000,26.000000,6.000000],
      "leftBackPaw": [14.000000,25.000000,4.000000],
      "leftEar": [13.000000,8.500000,11.000000],
      "leftFrontLeg1": [14.000000,14.500000,7.500000],
      "leftFrontLeg2": [14.000000,15.999999,5.000000],
      "leftFrontPaw": [14.000000,15.000000,3.000000],
      "leftWing1": [14.000000,15.000000,11.999999],
      "leftWing2": [19.000000,16.000000,11.999999],
      "leftWing3": [31.000000,15.000000,11.999999],
      "lowerBody": [10.500000,21.500000,10.000000],
      "neck": [10.500000,13.000000,10.000000],
      "rightBackLeg1": [7.000000,22.000000,9.000000],
      "rightBackLeg2": [7.000000,21.000000,5.000000],
      "rightBackLeg3": [7.000000,26.000000,6.000000],
      "rightBackPaw": [7.000000,25.000000,4.000000],
      "rightEar": [8.000000,8.500000,11.000000],
      "rightFrontLeg1": [7.000000,14.500000,7.500000],
      "rightFrontLeg2": [7.000000,15.999999,5.000000],
      "rightFrontPaw": [7.000000,15.000000,3.000000],
      "rightWing1": [7.000000,15.000000,12.000000],
      "rightWing2": [2.000000,16.000000,11.999999],
      "rightWing3": [-10.000000,15.000000,11.999999],
      "root": [10.500000,17.000000,0.000000],
      "tail1": [10.500000,24.000000,10.500000],
      "tail2": [10.500000,27.000000,10.500000],
      "tail3": [10.500000,30.000000,10.500000]
  },
   "animation_root" : "file(animations)",
   "effects_root": "file(effects)",
   "postures" : "file(postures.json)",
   "conversation_effects": "file(conversation_effects.json)"
}
