{
	 "skeleton": {
		 "ATTOVERCOG": [0.000000,0.000000,32.000000],
		 "spikeBack": [0.000000,10.000000,12.000001],
		 "spikeFront": [-0.000000,-10.000001,12.000001],
		 "Spine": [0.000000,0.000000,9.000000],
		 "root": [0.000000,0.000000,0.000000]
	},
	"animation_root" : "file(animations)",
	"effects_root": "file(effects)"
}
