{
	 "skeleton": {
	    "ATTOVERCOG": [0.0,0.0,40.0],
		 "cauldron": [0.000000,0.000000,0.000000],
		 "spoon": [0.000000,0.000000,5.000000],
		 "root": [0.0,0.0,0.0]
	},
	"animation_root" : "file(animations)",
   "effects_root": "file(effects)"
}
