{
	 "skeleton": {
	     "ATTOVERCOG": [5.500000,8.499999,18.000000],
		 "backBody": [5.500000,10.000000,7.500000],
		 "bodyFin": [5.500000,11.500001,6.500000],
		 "frontBody": [5.500000,7.000000,7.500001],
		 "leftFin": [8.000000,9.000001,6.999999],
		 "midBody": [5.500000,8.499999,7.500000],
		 "rightFin": [3.000000,9.000000,6.999999],
		 "Tail": [5.500000,12.000000,8.000000],
		 "root": [5.500000,8.499999,0.000000]
	},
	"animation_root" : "file(animations)",
    "effects_root": "file(effects)",
	"postures" : "file(postures.json)"
}
