{
	 "skeleton": {
		 "ATTOVERCOG": [0.000000,0.000000,45.000000],
		 "chain": [0.000000,0.000000,0.000000],
		 "doorLeft": [0.000000,0.000000,0.000000],
		 "doorRight": [0.000000,0.000000,0.000000],
		 "frame": [0.000000,0.000000,0.000000],
		 "root": [0.000000,0.000000,0.000000]
	},
	"animation_root" : "file(animations)",
	"effects_root" : "file(effects)"
}
