{
	 "skeleton": {
		 "ATTOVERCOG": [0.000000,0.000000,40.000000],
		 "leftArm": [0.000000,0.000000,0.000000],
		 "leftHand": [0.000000,0.000000,0.000000],
		 "leftShoulder": [0.000000,0.000000,0.000000],
		 "Matrix": [0.000000,0.000000,0.000000],
		 "rightArm": [0.000000,0.000000,0.000000],
		 "rightHand": [0.000000,0.000000,0.000000],
		 "rightShoulder": [0.000000,0.000000,0.000000],
		 "root": [0.000000,0.000000,0.000000],
		 "shield": [0.000000,0.000000,0.000000],
		 "sword": [0.000000,0.000000,0.000000],
		 "torso": [0.000000,0.000000,0.000000],
		 "Union": [0.000000,0.000000,0.000000]
	},
	"animation_root" : "file(animations)",
	"effects_root" : "file(effects)"
}
