{
   "type" : "rig",
   "skeleton": {
      "ATTOVERCOG": [0.00000,0.00000,24.00000],
      "head": [0.500000,0.500000,7.000000],
      "leftWingRoot": [2.000000,0.500000,5.500000],
      "leftWingTip": [7.000000,0.500000,7.500000],
      "rightWingRoot": [-1.000000,0.500000,5.500000],
      "rightWingTip": [-6.000000,0.500000,7.500000],
      "torso": [0.500000,0.500000,4.00000],
      "root": [0.00000,0.00000,0.00000]
  },
   "animation_root" : "file(animations)",
   "effects_root": "file(effects)"
}
