{
   "type" : "rig",
   "skeleton": {
      "ATTOVERCOG": [4.5,6.5,19.1025002367],
      "body": [4.4828119278,6.98982524872,4.5000001578],
      "head": [4.4828119278,5.0066280365,4.98158184573],
      "leftLeg": [6.4828119278,6.48982524872,2.00313488528],
      "leftWing": [7.4828119278,5.01980876923,5.01174370333],
      "rightLeg": [2.4828119278,6.48982524872,2.00313488528],
      "rightWing": [1.4828119278,4.99443531036,5.01174370333],
      "root": [4.5,6.5,1.5780169349e-07],
      "tail": [4.4828119278,8.98043441772,4.93955818698]
   },
   "animation_root" : "file(animations)",
   "effects_root": "file(effects)",
   "conversation_effects": "file(conversation_effects.json)"
}
