{
	 "skeleton": {
		 "ATTOVERCOG": [0.000000,0.000000,51.000000],
		 "AaaaAstrolabe": [-0.500000,0.500000,24.000000],

		 "aAaaAstrolabe": [-10.000000,0.500000,35.500000],
		 "aaAaAstrolabe": [-6.000000,0.500000,30.000000],
		 "aaaAAstrolabe": [-5.000000,0.500000,40.000000],

		 "essence": [0.000000,-0.000000,35.000000],
		 "statue": [0.000000,0.000000,0.000000],
		 "water": [0.000000,0.000000,0.000000],
		 "root": [0.000000,0.000000,0.000000]
	},
   "animation_root" : "file(animations)",
   "effects_root" : "file(effects)"
}
