{
	 "skeleton": {
		 "ATTOVERCOG": [0.000000,0.000000,35.000000],
		 "axe": [0.002994,-0.508984,13.544910],
		 "block": [0.000000,-0.000000,0.000000],
		 "root": [0.000000,0.000000,0.000000]
	},
	"animation_root" : "file(animations)",
    "effects_root": "file(effects)" 
}
