{
   "type" : "rig",
   "skeleton": {
      "ATTOVERCOG": [10.5,14.0,25.1025],
      "bodyBack": [10.5,14.3527698517,10.0],
      "bodyFront": [10.5,14.325504303,10.5],
      "head": [10.5,7.89709615707,11.6536922455],
      "leftBackFoot": [13.5,20.0,4.99721336365],
      "leftBackLeg": [13.5,19.0,10.0079364777],
      "leftEar": [13.460319519,4.5,12.5],
      "leftFrontFoot": [13.5,9.0,4.99721336365],
      "leftFrontLeg": [13.5,10.0,9.97292804718],
      "rightBackFoot": [7.5,20.0,4.99721336365],
      "rightBackLeg": [7.5,19.0,10.0079364777],
      "rightEar": [7.49936103821,4.5,12.5],
      "rightFrontFoot": [7.5,9.0,4.99721336365],
      "rightFrontLeg": [7.5,10.0,9.97292804718],
      "root": [10.5,14.0,0.0],
      "tail": [10.5,21.413974762,10.0]
   },
   "animation_root" : "file(animations)",
   "effects_root": "file(effects)",
   "conversation_effects": "file(conversation_effects.json)"
}
