{
	 "skeleton": {
	     "ATTOVERCOG": [20.0,14.500000,51.7719257555],
		 "frame": [20.000000,14.499999,0.000000],
		 "leftDoor": [43.000000,14.500000,17.000000],
		 "rightDoor": [-3.000000,14.500000,17.000000],
		 "root": [20.0,14.500000,0.0]
	},
	"animation_root" : "file(animations)",
    "effects_root": "file(effects)"
}
