{
	 "skeleton": {
		 "ATTOVERCOG": [0.0,0.0,55.0],
		 "base": [0.000000,0.000000,0.000000],
		 "tumbler": [2.000000,-4.849317,15.253423],
		 "wort": [0.014418,-0.066944,15.658085],
		 "root": [0.0,0.0,0.0]
	},
	"animation_root" : "file(animations)",
   "effects_root": "file(effects)"
}
