{
   "type" : "rig",
   "skeleton": {
     "ATTOVERCOG": [0.000000,0.000000,40.000000],
		 "door": [0.000000,0.000000,0.000000],
		 "frame": [0.000000,0.000000,0.000000],
		 "overhangLeft": [0.000000,0.000000,0.000000],
		 "overhangRight": [0.000000,0.000000,0.000000],
		 "root": [0.000000,0.000000,0.000000]
   },
   "animation_root" : "file(animations)",
   "effects_root": "file(effects)"
}
