{
	 "skeleton": {
		 "ATTOVERCOG": [0.000000,0.000000,51.222462],
		 "curtain1": [-19.580050,-0.385091,40.000031],
		 "curtain2": [-11.478703,-0.442546,40.000031],
		 "curtain3": [-3.492268,-0.500003,40.000031],
		 "curtain4": [19.508230,-0.452123,40.000031],
		 "curtain5": [11.512220,-0.404243,40.000031],
		 "curtain6": [3.516212,-0.452123,40.000031],
		 "frame": [0.000000,0.000000,0.000000],
		 "root": [0.000000,0.000000,0.000000]
	},
		"animation_root" : "file(animations)",
		"effects_root": "file(effects)"
}
