{
	 "skeleton": {
		 "Bucket": [0.500000,0.500000,7.50000],
		 "BucketHandle": [0.500000,0.500000,19.500000],
		 "Hank": [0.000000,-0.500000,19.500000],
		 "LowerRope": [0.500000,0.500000,22.00000],
		 "MidLowerRope": [0.500000,0.500000,22.00000],
		 "MidTopRope": [0.500000,0.500000,22.00000],
		 "Spool": [0.000000,0.000000,20.00000],
		 "Structure": [0.000000,0.000000,0.000000],
		 "Support": [0.000000,-0.500000,0.000001],
		 "TopRope": [0.500000,0.500000,22.00000],
		 "Water": [0.500000,0.500001,9.500000],
		 "root": [0.000000,0.000000,0.000000],
       "ATTOVERCOG": [0.000000,0.000000,55.000000]
	},
	"animation_root" : "file(animations)",
   "effects_root": "file(effects)"
}
