{
	 "skeleton": {
	     "ATTOVERCOG": [-0.000000,-0.000000,50.000000],
		 "bellowsBottom": [-20.000000,-0.000001,5.500000],
		 "backHook": [-20.000000,7.000000,16.000000],
		 "frontHook": [-20.000000,-7.000000,16.000000],
		 "bellowsTop": [-20.000000,-0.000001,6.767942],
		 "bellowsWheel": [-19.500000,-0.000000,19.000000],
		 "furnace": [-0.000000,-2.552656,17.801098],
		 "root": [-0.000000,-0.000000,0.000000]
	},
	"animation_root" : "file(animations)",
    "effects_root": "file(effects)" 
}
