{
	 "skeleton": {
		 "ATTOVERCOG": [0.000000,0.000000,55.000000],
		 "backHook": [-16.000000,11.000000,16.000000],
		 "bellowsBottom": [-16.000000,3.999999,5.500000],
		 "bellowsTop": [-15.999999,3.999999,6.678082],
		 "bellowsWheel": [-15.500000,4.000000,19.000000],
		 "frontHook": [-15.999995,-3.000000,15.999999],
		 "furnace": [0.000000,0.000000,0.000000],
		 "root": [0.000000,0.000000,0.000000]
	},
    "animation_root" : "file(animations)",
    "effects_root": "file(effects)" 
}
