{
     "type" : "rig",
	 "skeleton": {
	     "ATTOVERCOG": [0.000000,0.000000,54.999996],
		 "bellows_bottom": [-20.000000,-0.000001,5.500000],
		 "bellows_hook_back": [-20.000000,7.000000,13.000000],
		 "bellows_hook_front": [-20.000000,-7.000000,13.000000],
		 "bellows_top": [-20.000000,-0.000001,6.767942],
		 "bellows_wheel": [-19.500000,0.000000,18.000000],
		 "furnace": [-1.841959,-2.552656,17.794546],
		 "root": [0.000000,0.000000,0.000000]
	},
	"animation_root" : "file(animations)",
    "effects_root": "file(effects)"
}
