{
	 "skeleton": {
	     "ATTOVERCOG": [-0.000000,-0.000000,55.000000],
		 "algaeBottom": [0.000000,-0.000000,10.000001],
		 "algaeMid": [0.000000,-0.000000,20.000000],
		 "algaeRoot": [-0.000000,-0.000000,0.000000],
		 "algaeTop": [0.000000,0.000000,30.000000],
		 "root": [-0.000000,-0.000000,0.000000]
	},
	"animation_root" : "file(animations)",
    "effects_root": "file(effects)"
}
