{
	 "skeleton": {
		 "root": [-0.000000,0.000000,0.000000],
		 "ATTOVERCOG": [-0.000000,0.000000,40.000000],
		 "Oven": [-0.000000,0.000000,0.000000],
		 "OvenDoor": [5.000000,-12.000000,13.000001],
		 "Spatula": [-8.000000,-14.999999,-0.000001]
	},
	"animation_root" : "file(animations)",
   "effects_root": "file(effects)"
}
