{
   "type" : "rig",
   "skeleton": {
      "ATTOVERCOG": [0.0,-2.99999995494,76.0587278292],
      "arrow0": [0.0,-1.99999995494,22.0],
      "arrow1": [-0.49999999092,-1.99999995494,24.5],
      "arrow2": [0.50000000908,-1.99999995494,25.5],
      "arrow3": [-0.49999999092,-2.49999995494,26.5],
      "arrow4": [0.50000000908,-1.99999995494,27.5],
      "base": [0.0,-2.99999995494,0.0],
      "boltPusher": [0.0,4.50693325734,20.5],
      "bowBottom0": [0.0,-10.0000004318,17.0],
      "bowBottom1": [0.0,-10.0000004318,12.0],
      "bowTop0": [-0.000276299193501,-10.0037617233,26.9990882874],
      "bowTop1": [-0.00129998428747,-10.0000004318,32.0],
      "gearLarge": [-5.35129188583,-4.99999995494,21.0],
      "gearSmall": [4.74857402756,-4.99999995494,21.0],
      "head": [0.0,-7.62,76.2],
      "main": [-0.00237773940898,-4.31781680632e-07,7.0],
      "root": [0.0,-2.99999995494,0.0]
   },
   "animation_root" : "file(animations)",
   "effects_root": "file(effects)"
}
