{
	 "skeleton": {
	     "ATTOVERCOG": [0.0,-0.0,23.1],
		 "bottom": [0.000000,-0.000000,0.000000],
		 "upper": [0.000000,0.000000,6.000000],
		 "root": [0.0,-0.0,0.0]
	},
	"animation_root" : "file(animations)",
    "effects_root": "file(effects)"
}
