{
	 "skeleton": {
		 "ATTOVERCOG": [0.0,0.0,45.0],
		 "base": [0.000000,0.000000,0.000000],
		 "shoes": [-5.500000,-17.088236,2.382350],
		 "root": [0.0,0.0,0.0]
	},
	"animation_root" : "file(animations)",
   "effects_root": "file(effects)"
}
