{
	 "type" : "rig",
	 "skeleton": {
		 "ATTOVERCOG": [0.000000,0.000000,48.000000],
		 "goodsBackRow1": [-10.499999,9.500000,16.000000],
		 "goodsBackRow2": [-0.500000,9.500000,16.000000],
		 "goodsBackRow3": [9.500000,9.500001,16.000000],
		 "goodsFrontRow1": [-10.500000,-8.500000,16.000000],
		 "goodsFrontRow2": [-0.500000,-8.499999,16.999998],
		 "goodsFrontRow3": [9.500000,-8.500000,16.000000],
		 "goodsMidRow1": [-20.500000,0.500000,16.000000],
		 "goodsMidRow2": [-10.499999,0.500000,16.000000],
		 "goodsMidRow3": [-0.500000,0.500000,16.000000],
		 "goodsMidRow4": [9.500000,0.500000,16.000000],
		 "goodsMidRow5": [19.500000,0.500000,16.000000],
		 "goodsShelf1": [-10.500000,8.500000,24.000002],
		 "goodsShelf2": [-0.500000,8.500000,24.000000],
		 "goodsShelf3": [9.500000,8.500000,24.000000],
		 "Stall": [0.000000,0.000000,0.000000],
		 "root": [0.000000,0.000000,0.000000]
	},
   "animation_root" : "file(tier_2/animations)",
   "effects_root": "file(tier_2/effects)"
}
