{
	 "type" : "rig",
	 "skeleton": {
		"ATTOVERCOG": [0.0,0.0,70.0],
		"AStall": [0.000000,0.000000,0.000000],
		"ClothBack": [-18.000000,-3.500008,47.000000],
		"ClothFront": [-18.000000,-23.500008,44.999996],
		"ClothMid": [-18.000000,-13.500008,45.999996],
		"goodsBackRow1": [-20.000000,25.500000,16.000002],
		"goodsBackRow2": [-10.000000,25.500000,16.000002],
		"goodsBackRow3": [0.000000,25.500000,17.000004],
		"goodsBackRow4": [10.000000,25.500000,16.000002],
		"goodsBackRow5": [20.000000,25.500000,16.000002],
		"goodsFrontRow1": [-19.999998,7.500000,15.999998],
		"goodsFrontRow2": [-9.999999,7.500000,15.999998],
		"goodsFrontRow3": [0.000000,7.500000,17.000000],
		"goodsFrontRow4": [9.999999,7.500000,15.999998],
		"goodsFrontRow5": [19.999998,7.500000,15.999998],
		"goodsMidRow1": [-25.000000,16.499998,15.999999],
		"goodsMidRow2": [-15.000000,16.500002,15.999999],
		"goodsMidRow3": [-5.000000,16.500000,17.000000],
		"goodsMidRow4": [5.000000,16.500000,17.000000],
		"goodsMidRow5": [15.000000,16.500002,15.999999],
		"goodsMidRow6": [25.000000,16.499998,15.999999],
		"goodsShelf1": [-20.000000,25.500000,24.000002],
		"goodsShelf2": [-10.000000,25.500000,24.000002],
		"goodsShelf3": [0.000000,25.500002,24.000004],
		"goodsShelf4": [10.000000,25.500000,24.000002],
		"goodsShelf5": [20.000000,25.500000,24.000002],
		"Stall": [0.000000,0.000000,0.000000],
		"root": [0.000000,0.000000,0.000000]
   },
   "animation_root" : "file(tier_3/animations)",
   "effects_root": "file(tier_3/effects)"
}
