{
	 "skeleton": {
		 "ATTOVERCOG": [0.000000,0.000000,25.000000],
		 "ATTITEM00": [-5.000000,6.000000,10.000000],
		 "ATTITEM01": [5.000000,6.000000,10.000000],
		 "ATTITEM02": [-5.000000,-2.000000,10.000000],
		 "ATTITEM03": [5.000000,-2.000000,10.000000],
		 "counter": [0.000000,0.000000,0.000000],
		 "root": [0.000000,0.000000,0.000000]
	},
   "animation_root" : "file(animations)",
   "effects_root": "file(effects)"
}
