{
	 "skeleton": {
		 "ATTOVERCOG": [0.000000,0.000000,40.000000],
		 "pipe": [0.000000,0.000000,0.000000],
		 "pump": [0.000000,0.000000,0.000000],
		 "root": [0.000000,0.000000,0.000000],
		 "water": [0.000000,0.000000,0.000000]
	},
	"animation_root" : "file(animations)",
	"effects_root" : "file(effects)"
}
