{
	"skeleton": {
		"chest": [13.946607,27.247766,17.941494],
		"root": [13.946607,27.247766,0],
		"bodyPosition": [13.946607,27.247766,18],
		"ATTOVERCOG": [13.946607,27.247766,40],
		"head": [14.095513,13.000224,17.336378],
		"hips": [14.117642,32.999611,18.142208],
		"jaw": [13.909914,8.911313,14.999718],
		"leftfrontleg": [23.999886,26.879202,7.965395],
		"leftfrontpaw": [22.939886,26.959202,2.035396],
		"lefthindleg": [23.999886,38.139198,7.965396],
		"lefthindpaw": [24.779884,36.849197,1.995396],
		"neck": [14.528924,20.999779,17.120707],
		"rightfrontleg": [3.999543,26.949047,7.978412],
		"rightfrontpaw": [4.989886,26.479204,2.065396],
		"righthindleg": [3.999185,37.905804,7.752214],
		"righthindpaw": [2.949886,36.839199,1.995396],
		"tail": [13.549034,45.999958,14.264985]
	},
	"animation_root" : "file(animations)",
	"effects_root": "file(effects)"
}
