{
	 "skeleton": {
		 "ATTOVERCOG": [0.0,0.0,25.0],
		 "Churn": [0.000000,0.000000,0.000000],
		 "Milk": [0.000000,-0.000001,4.500000],
		 "Plunger": [0.000000,-0.000001,7.980198],
		 "root": [0.0,0.0,0.0]
	},
	"animation_root" : "file(animations)",
   "effects_root": "file(effects)"
}
