{
	 "skeleton": {
		 "ATTOVERCOG": [0.000000,0.000000,49.555580],
		 "curtain1": [-19.542725,-0.424404,39.999969],
		 "curtain2": [-9.563461,-0.424404,39.999969],
		 "curtain3": [0.415802,-0.424404,39.999969],
		 "curtain4": [10.470665,-0.424404,39.999969],
		 "curtain5": [19.542725,-0.348802,39.999969],
		 "frame": [0.000000,0.000000,0.000000],
		 "root": [0.000000,0.000000,0.000000]
	},
		"animation_root" : "file(animations)",
		"effects_root": "file(effects)"
}
