{
	 "skeleton": {
		 "ATTOVERCOG": [0.0,0.0,45.0],
		 "ATTITEM00": [5.960133,-8.481730,10.0],
		 "ATTITEM01": [-6.039867,-8.481730,10.0],
		 "ATTITEM02": [5.960133,1.518270,10.0],
		 "ATTITEM03": [-6.039867,1.518270,10.0],
		 "ATTITEM04": [5.960133,11.518270,10.0],
		 "ATTITEM05": [-6.039867,11.518270,10.0],
		 "ATTITEM06": [5.960133,21.518270,10.0],
		 "ATTITEM07": [-6.039867,21.518270,10.0],
		 "ATTITEM09": [4.960133,-7.481731,18.0],
		 "ATTITEM10": [-5.039867,-7.481731,18.0],
		 "ATTITEM11": [4.960133,1.518269,18.0],
		 "ATTITEM12": [-5.039867,1.518269,18.0],
		 "ATTITEM13": [4.960133,10.518269,18.0],
		 "ATTITEM14": [-5.039867,10.518269,18.0],
		 "ATTITEM15": [4.960133,19.518269,18.0],
		 "ATTITEM16": [-5.039867,19.518269,18.0],
		 "ATTITEM17": [-0.039867,-3.481733,26.0],
		 "ATTITEM18": [-0.039867,5.518267,26.0],
		 "ATTITEM19": [-0.039867,14.518268,26.0],
		 "wagon": [0.0,0.0,0.0],
		 "root": [0.0,0.0,0.0]
	},
   "animation_root" : "file(animations)",
   "effects_root": "file(effects)"
}
