{
	 "skeleton": {
		 "ATTOVERCOG": [0.000000,0.000000,24.000000],
		 "RollingPin": [1.000000,6.500000,11.000000],
		 "Table": [0.000000,0.000000,0.000000],
		 "root": [0.000000,0.000000,0.000000]
	},
	"animation_root" : "file(animations)",
   "effects_root": "file(effects)"
}
