{
	 "skeleton": {
		 "Bucket": [-0.000000,0.000000,6.500000],
		 "BucketHandle": [0.000000,0.000000,18.000000],
		 "Hank": [0.000000,3.000000,19.500000],
		 "LowerRope": [-0.000000,0.000000,21.500000],
		 "MidLowerRope": [-0.000000,0.000000,21.500000],
		 "MidTopRope": [-0.000000,0.000000,21.500000],
		 "Spool": [0.000000,0.000000,19.500000],
		 "Structure": [0.000000,0.000000,0.000000],
		 "Support": [0.000000,0.000000,0.000001],
		 "TopRope": [-0.000000,0.000000,21.500000],
		 "Water": [-0.050000,-0.050001,8.550000],
		 "root": [0.000000,0.000000,0.000000],
       "ATTOVERCOG": [0.000000,0.000000,55.000000]
	},
	"animation_root" : "file(animations)",
   "effects_root": "file(effects)"
}
