{
	 "skeleton": {
		 "ATTOVERCOG": [0.000000,0.000000,35.000000],
		 "ATTITEM00": [-7.416881,4.870894,11.000001],
		 "ATTITEM01": [-16.164125,-3.926283,11.000000],
		 "ATTITEM02": [6.573097,-4.355383,11.000000],
		 "ATTITEM03": [-15.287992,5.524518,11.000000],
		 "ATTITEM04": [15.230569,-4.560782,11.000000],
		 "ATTITEM05": [-8.928791,-4.133936,11.000000],
		 "ATTITEM06": [-1.189637,-5.102033,11.000000],
		 "ATTITEM07": [8.311448,4.142733,11.000000],
		 "ATTITEM08": [15.494612,5.000000,11.000000],
		 "ATTITEM09": [0.036469,3.840504,11.000000],
		 "Table": [0.000000,0.000000,0.000000],
		 "root": [0.000000,0.000000,0.000000]
	},
	"animation_root" : "file(animations)",
   "effects_root": "file(effects)"
}
