{
   "type": "rig",
   "skeleton": {
      "ATTOVERCOG": [
         15.5,
         15.5,
         33.94375
      ],
      "bodyPosition": [
         15.5,
         14.5,
         3.0
      ],
      "carry": [
         15.5,
         15.5,
         0.0
      ],
      "head": [
         15.5,
         15.0,
         14.0
      ],
      "jaw": [
         15.5,
         18.9952049255,
         15.5
      ],
      "leftArm": [
         22.0,
         15.0,
         8.0
      ],
      "leftEar": [
         21.9855613708,
         14.5,
         17.0134353638
      ],
      "leftFinger11": [
         24.0,
         13.0,
         7.0
      ],
      "leftFinger12": [
         24.0,
         13.0,
         5.0
      ],
      "leftFinger21": [
         24.0,
         15.0,
         7.0
      ],
      "leftFinger22": [
         24.0,
         15.0,
         5.0
      ],
      "leftFinger31": [
         24.0,
         17.0,
         7.0
      ],
      "leftFinger32": [
         24.0,
         17.0,
         5.0
      ],
      "leftFoot": [
         18.5,
         14.5,
         4.0
      ],
      "leftHand": [
         21.5,
         15.0,
         9.0
      ],
      "leftShoulder": [
         20.0,
         14.5,
         10.5
      ],
      "leftThumb1": [
         21.0,
         12.0,
         8.0
      ],
      "leftThumb2": [
         21.0,
         11.0,
         6.0
      ],
      "mainHand": [
         9.5,
         15.0,
         6.0
      ],
      "offHand": [
         21.5,
         15.0,
         6.0
      ],
      "pelvis": [
         15.5,
         14.5,
         3.0
      ],
      "rightArm": [
         9.0,
         15.0,
         8.0
      ],
      "rightEar": [
         8.9832611084,
         14.5,
         17.0134353638
      ],
      "rightFinger11": [
         7.0,
         13.0,
         7.0
      ],
      "rightFinger12": [
         7.0,
         13.0,
         5.0
      ],
      "rightFinger21": [
         7.0,
         15.0,
         7.0
      ],
      "rightFinger22": [
         7.0,
         15.0,
         5.0
      ],
      "rightFinger31": [
         7.0,
         17.0,
         7.0
      ],
      "rightFinger32": [
         7.0,
         17.0,
         5.0
      ],
      "rightFoot": [
         12.5,
         14.5,
         4.0
      ],
      "rightHand": [
         9.5,
         15.0,
         9.0
      ],
      "rightShoulder": [
         11.0,
         14.5,
         10.5
      ],
      "rightThumb1": [
         10.0,
         12.0,
         8.0
      ],
      "rightThumb2": [
         10.0,
         11.0,
         6.0
      ],
      "root": [
         15.5,
         15.5,
         0.0
      ],
      "torso": [
         15.5,
         14.5,
         4.0
      ]
   },
   "animation_root": "/stonehearth/data/rigs/entities/monster/goblins/goblin/animations",
   "effects_root": "/stonehearth/data/rigs/entities/monster/goblins/goblin/effects",
   "postures": "file(postures.json)",
   "conversation_effects" : "/stonehearth/data/rigs/entities/monster/goblins/goblin/conversation_effects.json",
   "collision_shape": {
      "type": "cylinder_collision_shape",
      "radius": 5,
      "height": 35
   }
}