{
   "type" : "rig",
   "skeleton": {
      "ATTOVERCOG": [0.0,-0.0,25.5],
      "base": [0.0,-0.0,0.0],
      "block": [0.5,9.5,8.0],
      "body": [0.0,-1.33226762955e-15,6.0],
      "leftwingSplitBack": [-4.00000047684,1.0,10.5],
      "leftwingSplitFront": [-4.00000047684,-4.99901008606,11.0],
      "rightwingSplitBack": [5.0,1.0,10.5],
      "rightwingSplitFront": [4.99999713898,-4.99455451965,11.0],
      "root": [0.0,-0.0,0.0],
      "turnip": [0.5,5.5,9.5]
   },
   "animation_root" : "file(animations)",
   "effects_root": "file(effects)"
}
