{
	 "skeleton": {
		 "ATTOVERCOG": [0.000000,0.000000,25.000000],
		 "stocking": [0.000000,0.000000,0.000000],
		 "stockingb": [0.000000,0.000000,0.000000],
		 "root": [0.000000,0.000000,0.000000]
	},
	"animation_root" : "file(animations)",
   "effects_root": "file(effects)"
}
